cases,200215,200216,200217,200218,200219,200220,200221,200222,200223,200224,200225,200226,200227,200228,200229,200301,200302,200304,200305,200306,200307,20308,200309,200310,200311,200312,200313,200314,200315,200316,200317,200318,200319,200320,200321,200322,200323,200324,200325,200326,200327,200328,200329,200330,200331,200401,200402,200403,200404,200405,200406,200407,200408,200409,200410,200411,200412,200413,200414,200415,200416,200417,200418,200419,200420,200421,200422,200423,200424,200425,200426,200427,200428,200429,200430,200501,200502,200503,200504,200505,200506,200507,200508,200509,200510,200511,200512,200513,200514,200515,200516,200517,200518,200519,200520,200521,200522,200523,200524,200525,200526,200527,200528,200529,200530,200531,200601,200602,200603,200604,200605,200606,200607,200608,200609,200610,200611,200612,200613,200614,200615,200616,200617,200618,200619,200620,200621,200622,200623,200624,200625,200626,200627,200628,200629,200630,200701,200702,200703,200704,200705,200706,200707,200708,200709,200710,200711,200712,200713,200714,200715,200716,200717,200718,200719,200720,200721,200722,200723,200724,200725,200726,200727,200728,200729,200730,200731,200801,200802,200803,200804,200805,200806,200807,200808,200809,200810,200811,200812,200813,200814,200815,200816,200817,200818,200819,200820,200821,200822,200823,200824,200825,200826,200827,200828,200829,200830,200831,200901,200902,200903,200904,200905,200906,200907,200908,200909,200910,200911,200912,200913,200914,200915,200916,200917,200918,200919,200920,200921,200922,200923,200924,200925,200926,200927,200928,200929,200930,201001,201002,201003,201004,201005,201006,201007,201008,201009,201010,201011,201012,201013,201014,201015,201016,201017,201018,201019,201020,201021,201022,201023,201024,201025,201026,201027,201028,201029,201030,201031,201101,201102,201103,201104,201105,201106,201107,201108,201109,201110,201111,201112,201113,201114,201115,201116,201117,201118,201119,201120,201121,201122,201123,201124,201125,201126,201127,201128,201129,201130,201201,201202,201203,201204,201205,201206,201207,201208,201209,201210,201211,201212,201213
北海道,1,1,1,1,1,3,4,7,17,25,29,34,38,53,65,69,71,78,81,81,89,97,100,107,110,117,127,135,141,147,151,151,153,156,157,158,161,161,162,166,167,168,172,176,177,177,182,185,190,193,194,194,198,208,226,239,255,267,272,279,302,336,370,407,434,451,473,495,540,562,601,615,650,688,726,767,790,823,847,879,891,914,928,928,934,945,954,966,979,983,989,999,1006,1014,1015,1018,1019,1024,1030,1039,1054,1057,1066,1071,1078,1081,1085,1091,1096,1099,1102,1105,1109,1117,1121,1125,1132,1137,1144,1154,1163,1170,1176,1178,1184,1189,1192,1195,1197,1199,1200,1210,1216,1221,1222,1239,1250,1263,1267,1275,1275,1276,1277,1277,1278,1282,1283,1289,1290,1294,1296,1304,1317,1323,1326,1339,1348,1351,1361,1367,1371,1377,1386,1391,1396,1399,1404,1413,1428,1446,1455,1478,1489,1503,1514,1528,1541,1552,1565,1579,1583,1593,1605,1619,1627,1632,1638,1646,1671,1681,1698,1712,1720,1727,1734,1744,1760,1769,1773,1781,1797,1803,1809,1814,1824,1828,1834,1845,1849,1860,1866,1873,1876,1884,1892,1903,1910,1927,1944,1960,1975,1984,1996,2007,2032,2039,2058,2075,2091,2107,2126,2141,2159,2181,2217,2229,2267,2296,2323,2347,2378,2390,2410,2430,2460,2491,2518,2542,2559,2590,2612,2652,2703,2763,2804,2854,2933,2933,2986,3055,3136,3205,3301,3372,3447,3566,3681,3868,4021,4221,4387,4584,4820,5055,5285,5494,5683,5880,6113,6380,6684,6918,7163,7369,7585,7766,8022,8274,8526,8718,8869,9075,9251,9457,9669,9852,10039,10163,10367,10564,10805,10982
青森県,0,0,0,0,0,0,0,0,0,0,0,0,0,0,0,0,0,0,0,0,0,0,0,0,0,0,0,0,0,0,0,0,0,0,0,0,0,2,2,4,4,4,6,7,7,8,8,9,11,11,11,11,11,12,14,14,22,22,22,22,22,22,22,22,22,22,22,22,22,22,22,22,23,26,26,26,26,26,26,26,26,26,26,27,27,27,27,27,27,27,27,27,27,27,27,27,27,27,27,27,27,27,27,27,27,27,27,27,27,27,27,27,27,27,27,27,27,27,27,27,27,27,27,27,27,27,27,27,27,27,27,27,27,27,27,27,27,27,27,27,27,27,27,27,27,27,28,29,29,29,29,29,30,30,30,30,30,30,31,31,31,31,31,31,31,31,31,32,32,32,32,32,32,32,32,32,32,32,32,32,32,33,33,33,33,33,33,33,33,33,33,33,33,33,35,35,35,35,35,35,35,35,35,35,35,35,35,35,35,35,35,35,35,35,35,35,35,35,35,35,35,35,35,35,35,35,36,36,36,36,37,37,37,37,37,37,37,37,37,37,39,39,41,57,83,100,104,122,134,138,148,150,170,175,187,195,206,217,222,227,236,244,245,256,264,269,271,273,274,274,275,275,275,278,278,279,280,280,280,280,280,280,281,281,282,285,287,287,287,295,299,307,315,321,324,330,343,345,354,358,364,371
岩手県,0,0,0,0,0,0,0,0,0,0,0,0,0,0,0,0,0,0,0,0,0,0,0,0,0,0,0,0,0,0,0,0,0,0,0,0,0,0,0,0,0,0,0,0,0,0,0,0,0,0,0,0,0,0,0,0,0,0,0,0,0,0,0,0,0,0,0,0,0,0,0,0,0,0,0,0,0,0,0,0,0,0,0,0,0,0,0,0,0,0,0,0,0,0,0,0,0,0,0,0,0,0,0,0,0,0,0,0,0,0,0,0,0,0,0,0,0,0,0,0,0,0,0,0,0,0,0,0,0,0,0,0,0,0,0,0,0,0,0,0,0,0,0,0,0,0,0,0,0,0,0,0,0,0,0,0,0,0,0,0,0,0,0,0,0,0,2,3,4,4,4,4,4,5,6,7,7,7,7,7,7,8,8,8,9,9,9,9,11,11,11,12,12,12,19,19,19,19,19,19,22,22,22,23,23,23,23,23,23,23,23,23,23,23,23,23,23,23,23,23,23,23,23,23,23,23,23,23,23,23,23,23,23,24,24,24,24,24,24,24,24,24,25,25,26,26,26,26,26,26,26,27,27,27,27,27,27,27,27,27,27,27,27,29,29,29,30,30,30,30,33,41,51,64,69,75,77,86,97,112,127,137,137,155,162,162,179,183,191,194,204,208,212,213,220,220,220,224,225,230,252,295
宮城県,0,0,0,0,0,0,0,0,0,0,0,0,0,0,0,1,1,1,1,1,1,1,1,1,1,1,1,1,1,1,1,1,1,1,1,1,1,1,1,1,2,2,2,2,6,7,7,12,13,20,23,26,27,34,36,37,46,52,54,64,65,75,79,83,83,84,84,84,84,84,85,85,86,87,88,88,88,88,88,88,88,88,88,88,88,88,88,88,88,88,88,88,88,88,88,88,88,88,88,88,88,88,88,88,88,88,88,88,88,88,88,88,88,88,88,88,88,88,88,88,88,88,88,88,88,89,89,89,89,90,90,91,91,92,92,94,94,94,95,95,97,98,98,98,98,99,100,100,104,106,108,110,112,126,129,132,132,136,136,138,140,140,140,142,147,149,153,158,160,165,168,174,176,177,180,181,182,182,182,182,184,184,184,184,184,185,185,187,189,191,191,192,192,192,192,193,198,203,204,207,210,214,226,231,239,242,249,256,267,275,290,302,310,313,331,337,346,351,365,367,369,372,375,383,385,389,392,397,399,406,413,418,425,428,433,441,453,461,474,484,486,491,499,504,508,522,524,526,529,538,544,545,565,572,602,610,655,679,689,700,726,742,772,788,804,822,834,852,865,872,892,925,943,973,983,988,995,1027,1046,1061,1075,1091,1100,1116,1128,1147,1168,1181,1195,1202,1211,1221,1230,1251,1272,1293,1311,1319,1336,1379,1417,1462
秋田県,0,0,0,0,0,0,0,0,0,0,0,0,0,0,0,0,0,0,0,0,1,1,1,1,1,1,1,1,1,1,1,1,1,1,1,1,1,1,1,1,1,3,4,4,4,6,6,7,9,10,11,11,11,11,11,12,13,15,15,16,16,16,16,16,16,16,16,16,16,16,16,16,16,16,16,16,16,16,16,16,16,16,16,16,16,16,16,16,16,16,16,16,16,16,16,16,16,16,16,16,16,16,16,16,16,16,16,16,16,16,16,16,16,16,16,16,16,16,16,16,16,16,16,16,16,16,16,16,16,16,16,16,16,16,16,16,16,16,16,16,16,16,16,16,16,16,16,16,16,16,16,16,16,16,16,16,16,16,16,16,16,17,18,18,18,18,18,18,18,18,18,18,18,18,32,34,35,35,35,36,37,38,40,42,43,44,44,45,45,45,45,45,46,48,48,48,49,49,49,49,49,50,50,50,50,50,50,50,50,50,50,50,51,51,51,51,51,52,53,53,53,53,53,53,53,53,53,53,53,53,53,53,58,58,58,58,58,58,58,59,59,59,59,59,59,59,59,59,60,61,61,61,61,61,61,61,61,61,61,63,63,64,64,64,67,67,67,67,67,68,68,70,70,71,73,73,74,74,74,74,74,74,74,75,83,84,89,90,90,90,90,90,90,90,90,90,90,90,90,90,90,92
山形県,0,0,0,0,0,0,0,0,0,0,0,0,0,0,0,0,0,0,0,0,0,0,0,0,0,0,0,0,0,0,0,0,0,0,0,0,0,0,0,0,0,0,0,0,0,1,1,1,1,6,10,13,19,22,27,27,32,34,35,39,45,50,58,60,61,64,64,65,65,66,66,66,66,66,68,68,68,68,68,69,69,69,69,69,69,69,69,69,69,69,69,69,69,69,69,69,69,69,69,69,69,69,69,69,69,69,69,69,69,69,69,69,69,69,69,69,69,69,69,69,69,69,69,69,69,69,69,69,69,69,69,69,69,69,69,69,69,69,69,69,69,70,71,71,71,71,71,71,71,72,73,74,74,75,75,75,75,75,75,75,75,75,75,75,75,75,75,76,76,76,76,76,76,76,76,76,76,76,76,76,76,76,76,76,76,76,76,77,77,77,77,77,77,77,77,77,77,78,78,78,78,78,78,78,78,78,78,78,78,78,78,78,78,78,78,78,78,78,78,78,78,78,78,78,78,78,78,78,78,78,78,78,78,78,78,78,79,81,81,81,81,81,81,81,81,81,81,81,81,81,82,84,84,84,84,86,86,86,86,86,86,86,86,86,86,86,86,87,88,89,92,94,94,96,97,98,98,100,105,107,107,109,109,109,110,111,116,122,133,135,138,141,149,152,158,173,177,186,196,211,218,240
福島県,0,0,0,0,0,0,0,0,0,0,0,0,0,0,0,0,0,0,0,0,0,1,1,1,1,1,1,1,2,2,2,2,2,2,2,2,2,2,2,2,2,2,2,2,2,4,6,8,9,14,16,16,24,29,33,36,37,38,38,39,40,49,52,60,62,64,64,65,65,66,68,69,69,70,72,73,74,75,78,78,79,79,79,81,81,81,81,81,81,81,81,81,81,81,81,81,81,81,81,81,81,81,81,81,81,81,81,81,81,81,81,81,81,81,81,81,81,81,81,81,81,81,81,81,82,82,82,82,82,82,82,82,82,82,82,82,82,82,82,82,82,82,82,82,82,82,83,83,83,83,84,84,84,84,84,84,84,84,85,86,86,86,86,86,86,87,87,89,89,89,89,89,91,91,95,96,96,98,98,100,101,102,105,105,106,109,113,120,122,124,125,128,134,139,146,151,157,158,161,167,168,172,173,175,178,179,184,186,191,200,204,208,211,214,217,218,218,218,221,225,226,228,232,242,242,247,251,251,253,253,263,263,267,269,272,279,287,295,302,314,317,319,324,332,343,359,362,369,369,374,378,379,385,386,386,387,387,387,387,388,388,389,391,401,401,410,412,415,418,418,419,421,428,431,435,438,441,453,458,466,474,476,478,479,480,486,490,496,499,501,501,506,509,515,528,530,541,548,555,565,582,599
茨城県,0,0,0,0,0,0,0,0,0,0,0,0,0,0,0,0,0,0,0,0,0,0,0,0,0,0,0,0,0,0,0,1,2,3,3,3,3,5,5,9,9,9,13,16,20,24,24,26,54,59,64,71,77,77,81,82,91,109,110,116,119,123,131,135,139,143,146,151,153,157,158,161,161,162,162,163,165,165,165,167,168,168,168,168,168,168,168,168,168,168,168,168,168,168,168,168,168,168,168,168,168,168,168,168,168,168,168,168,168,168,168,168,168,168,168,168,168,168,168,168,168,168,168,168,168,168,170,170,170,170,170,170,172,172,173,174,174,174,176,182,183,183,186,187,188,189,196,196,199,202,204,209,211,215,220,225,226,230,235,237,239,239,242,244,254,266,268,280,294,322,327,334,344,356,368,380,397,403,406,416,431,443,450,452,456,463,476,479,490,498,503,507,512,524,532,538,542,544,545,549,555,559,567,573,583,583,588,589,593,606,609,612,614,616,618,621,622,623,624,627,629,630,631,632,637,638,649,652,657,659,668,671,676,677,681,693,698,700,706,709,710,710,715,719,723,725,728,728,730,731,735,737,739,741,743,744,750,757,764,768,770,773,775,779,789,796,806,818,825,834,854,880,906,946,967,977,1032,1071,1099,1139,1205,1252,1284,1310,1347,1397,1442,1508,1539,1561,1611,1655,1692,1777,1808,1832,1844,1878,1892,1911,1935,1973
栃木県,0,0,0,0,0,0,0,0,1,1,1,1,1,1,1,1,1,1,1,2,2,2,2,2,2,2,2,2,2,2,2,2,3,3,3,4,4,4,6,6,10,11,11,12,12,14,14,14,14,14,14,14,15,21,31,31,32,35,36,38,39,42,44,44,46,49,51,52,53,53,52,52,54,54,54,54,54,54,54,54,54,54,54,54,54,56,56,56,57,57,58,60,60,60,61,62,64,64,64,64,65,65,65,65,65,65,65,65,66,66,66,66,66,66,66,66,66,66,66,66,66,66,66,66,66,66,66,66,66,66,66,66,66,69,69,76,76,79,82,84,86,87,87,87,88,90,90,93,93,95,98,103,107,112,118,124,133,136,139,147,147,151,159,163,167,169,185,195,195,195,202,202,207,224,230,243,246,249,249,261,265,269,269,276,277,282,284,284,286,288,289,289,289,294,295,302,303,303,303,306,307,307,309,309,310,314,316,319,323,328,338,338,359,368,369,375,376,385,387,400,402,408,411,426,427,427,427,428,431,432,433,435,437,438,442,443,443,443,445,445,444,444,452,453,458,463,465,466,471,473,473,476,476,477,477,480,482,484,487,489,489,490,492,493,494,496,498,498,499,503,505,507,509,513,516,517,523,527,542,550,558,572,573,584,595,599,607,619,634,638,664,688,702,719,732,749,749,782,800,822,839,860
群馬県,0,0,0,0,0,0,0,0,0,0,0,0,0,0,0,0,0,0,0,0,0,1,1,1,1,1,1,3,5,5,6,10,10,10,11,11,11,11,13,13,14,14,15,18,18,19,20,20,24,25,26,26,29,29,33,35,79,90,91,97,107,109,114,120,122,124,131,131,138,140,140,141,146,146,146,146,146,146,146,146,146,147,147,147,147,147,147,147,147,147,147,147,147,147,148,148,148,149,149,149,149,149,149,149,149,149,149,149,149,149,149,151,151,151,151,151,151,151,151,151,151,151,151,151,151,151,151,151,151,151,152,152,152,152,152,152,153,153,153,154,154,155,155,155,155,155,155,155,155,156,156,161,164,166,167,167,167,169,174,177,177,179,179,179,182,183,187,190,191,192,194,197,202,208,211,221,226,234,238,244,254,270,279,298,307,307,322,351,361,374,380,384,392,408,426,432,434,437,440,445,451,463,471,474,482,492,497,502,502,517,541,547,553,567,591,602,629,644,663,670,683,684,688,696,698,699,699,699,701,706,719,725,728,728,733,735,741,747,755,759,761,763,763,764,766,769,774,785,797,806,820,839,858,867,870,874,884,890,894,900,901,902,905,910,913,918,924,925,927,932,937,942,951,951,956,961,964,974,994,1016,1033,1045,1045,1069,1087,1117,1148,1177,1195,1207,1239,1283,1312,1341,1371,1388,1401,1433,1482,1526,1572,1612
埼玉県,0,0,0,0,0,0,0,0,0,0,0,0,0,0,0,0,0,0,0,2,4,4,5,5,7,12,18,21,27,26,26,31,32,36,38,41,45,46,53,53,60,66,78,83,84,98,101,113,131,153,174,195,209,242,271,325,345,386,414,433,479,535,575,610,642,662,681,714,753,767,786,806,823,828,843,851,857,878,888,894,901,909,922,946,962,967,969,970,973,977,979,984,988,991,991,996,997,998,999,999,999,1000,1000,1002,1004,1003,1003,1003,1003,1005,1005,1006,1007,1007,1007,1008,1014,1017,1019,1019,1021,1021,1022,1023,1025,1027,1031,1038,1042,1054,1063,1074,1090,1101,1109,1122,1132,1146,1165,1191,1218,1239,1255,1282,1330,1352,1396,1431,1462,1488,1530,1568,1617,1668,1668,1754,1783,1830,1891,1955,2000,2035,2068,2091,2146,2199,2256,2313,2387,2461,2510,2559,2623,2688,2738,2822,2878,2920,2956,3001,3057,3113,3165,3221,3256,3280,3342,3415,3465,3531,3562,3592,3627,3681,3750,3806,3862,3904,3929,3975,4013,4055,4079,4101,4122,4136,4148,4172,4202,4227,4264,4286,4302,4320,4349,4370,4394,4417,4433,4448,4462,4474,4494,4522,4547,4582,4600,4624,4652,4685,4715,4765,4800,4820,4840,4879,4923,4951,5051,5082,5100,5131,5177,5234,5286,5331,5371,5393,5426,5476,5521,5561,5602,5619,5653,5682,5726,5765,5826,5856,5889,5915,5945,5986,6018,6132,6201,6246,6296,6363,6479,6554,6637,6741,6821,6908,6996,7122,7230,7326,7499,7614,7704,7745,7842,8002,8104,8222,8361,8427,8531,8680,8830,8992,9159,9321,9411,9583,9728,9916,10101,10297
千葉県,2,2,2,2,2,2,3,5,6,7,7,10,12,12,12,12,13,13,14,14,16,20,20,20,21,23,25,27,29,29,29,29,31,34,39,40,42,45,46,51,54,60,126,160,160,164,175,181,192,219,238,253,284,317,342,375,411,455,474,490,525,539,609,643,661,683,704,725,749,768,778,786,793,801,806,810,816,823,828,834,835,837,842,876,879,880,883,885,888,888,890,898,898,900,900,901,904,904,904,904,904,904,905,906,906,906,906,906,906,907,907,904,904,907,907,910,912,915,918,919,919,919,919,920,922,922,924,924,926,929,933,937,941,946,949,949,960,967,978,987,1003,1010,1019,1030,1040,1062,1074,1088,1119,1137,1162,1191,1223,1223,1276,1300,1318,1333,1333,1406,1432,1453,1475,1499,1522,1571,1620,1656,1729,1780,1823,1870,1920,1996,2061,2114,2164,2205,2224,2258,2304,2355,2415,2463,2495,2532,2578,2642,2695,2738,2774,2801,2834,2877,2922,2961,2994,3033,3050,3068,3092,3125,3160,3188,3211,3225,3258,3281,3309,3339,3385,3405,3416,3446,3483,3516,3556,3602,3637,3651,3669,3689,3715,3746,3784,3805,3822,3862,3896,3934,3968,4010,4047,4069,4110,4154,4193,4232,4268,4311,4322,4346,4377,4430,4473,4505,4530,4548,4588,4637,4680,4734,4775,4811,4836,4880,4920,4963,4997,5034,5058,5079,5119,5149,5207,5249,5310,5354,5386,5434,5499,5573,5633,5721,5781,5858,5937,6003,6109,6199,6308,6388,6447,6489,6562,6644,6751,6864,6939,7008,7082,7158,7239,7314,7388,7466,7519,7599,7692,7842,7958,8078
東京都,3,5,6,7,10,13,14,17,18,18,23,24,33,34,34,35,37,38,42,50,55,60,60,60,62,68,70,72,81,84,84,96,105,112,123,130,132,146,160,201,227,267,368,436,449,527,593,690,779,897,1040,1123,1203,1347,1528,1717,1914,2080,2171,2332,2457,2606,2807,2988,3095,3197,3320,3452,3586,3747,3850,3922,3961,4073,4120,4166,4331,4491,4582,4669,4727,4765,4777,4810,4846,4868,4883,4987,4997,5027,5036,5050,5055,5065,5070,5075,5133,5136,5138,5152,5160,5170,5180,5195,5217,5231,5236,5249,5283,5295,5323,5343,5369,5383,5396,5408,5426,5448,5473,5497,5544,5592,5619,5633,5674,5709,5748,5783,5812,5840,5895,5943,5997,6054,6114,6171,6225,6292,6399,6523,6654,6765,6867,6973,7048,7272,7515,7721,7927,8046,8189,8354,8640,8933,9223,9411,9579,9816,10054,10420,10680,10975,11214,11345,11611,11861,12228,12691,13163,13455,13713,14022,14285,14645,15107,15536,15867,16064,16252,16474,16680,17069,17454,17714,17875,18082,18288,18607,18865,19121,19333,19428,19610,19846,20096,20322,20569,20717,20817,20987,21128,21339,21475,21656,21772,21849,22019,22168,22444,22631,22857,23003,23083,23274,23437,23608,23828,24046,24208,24306,24394,24453,24648,24843,25113,25257,25335,25547,25738,25973,26169,26376,26484,26550,26727,26869,27117,27320,27569,27715,27793,27959,28136,28420,28604,28839,28971,29046,29185,29335,29520,29706,29909,30033,30127,30285,30456,30677,30881,31096,31212,31293,31502,31624,31893,32135,32429,32618,32767,33060,33377,33770,34144,34496,34751,34931,35229,35722,36256,36778,37317,37708,38022,38197,38598,39079,39649,40210,40628,40939,41311,41811,42344,42793,43377,43704,44003,44355,44927,45529,46124,46745
神奈川県,4,4,4,5,7,8,9,10,14,14,15,15,16,18,20,20,24,24,24,26,31,34,34,34,35,37,37,40,43,48,48,49,52,57,58,61,67,68,73,77,82,88,104,107,115,120,138,153,181,197,226,261,279,327,375,425,465,478,572,594,614,673,710,754,784,802,816,841,880,912,943,959,965,975,1002,1028,1042,1060,1101,1111,1125,1132,1145,1150,1158,1150,1178,1193,1203,1236,1251,1251,1251,1276,1284,1302,1315,1322,1322,1322,1333,1336,1341,1341,1359,1359,1359,1370,1373,1375,1381,1387,1387,1387,1397,1398,1398,1399,1402,1402,1402,1411,1413,1420,1426,1428,1428,1428,1433,1434,1438,1444,1451,1455,1464,1471,1502,1508,1521,1545,1565,1585,1596,1605,1628,1653,1685,1720,1743,1760,1786,1826,1876,1919,1968,1998,2009,2039,2107,2160,2188,2206,2239,2253,2286,2356,2432,2484,2542,2615,2663,2752,2833,2952,3059,3187,3187,3305,3305,3398,3521,3638,3774,3854,3904,3988,4083,4187,4269,4370,4420,4459,4516,4601,4667,4742,4848,4912,4962,5020,5096,5177,5285,5352,5431,5460,5523,5629,5741,5823,5891,5944,5960,6012,6112,6177,6255,6323,6383,6403,6441,6452,6509,6588,6679,6744,6760,6819,6898,6975,7040,7099,7136,7147,7212,7266,7331,7408,7471,7508,7537,7591,7679,7758,7843,7893,7942,7965,8012,8100,8155,8246,8308,8369,8389,8453,8517,8588,8646,8711,8777,8799,8868,8912,9021,9124,9261,9340,9375,9474,9604,9750,9895,10042,10155,10216,10349,10575,10780,10988,11181,11344,11414,11480,11640,11894,12112,12327,12478,12559,12716,12929,13126,13314,13505,13639,13704,13855,14100,14314,14599,14822
新潟県,0,0,0,0,0,0,0,0,0,0,0,0,0,0,0,1,1,5,5,5,5,6,6,8,8,11,14,14,14,14,14,16,17,17,17,22,22,22,24,24,24,24,31,31,31,31,31,31,32,32,32,32,34,37,39,41,41,42,42,45,46,47,53,56,56,56,58,61,62,65,65,69,69,75,75,75,77,77,77,77,78,78,78,82,82,82,82,82,82,82,83,83,83,83,83,83,83,83,83,83,83,83,83,83,83,83,83,83,83,83,83,83,83,83,83,83,83,83,83,83,83,83,83,83,83,84,84,84,84,84,84,84,84,84,84,84,84,84,84,84,84,84,85,85,86,86,86,87,87,87,87,89,89,89,89,89,90,90,92,92,92,92,92,94,97,99,103,111,114,116,119,120,120,122,126,128,128,128,128,129,129,129,129,129,130,133,136,137,137,138,139,139,139,139,140,141,142,142,143,144,145,145,145,146,146,145,146,147,147,147,148,149,149,151,153,158,161,162,165,165,165,165,168,168,170,170,170,170,170,170,170,170,170,170,170,171,176,176,177,179,179,179,179,180,180,180,180,180,180,180,180,180,181,182,182,182,182,183,183,184,184,184,184,184,185,186,188,195,198,200,216,222,224,224,226,226,259,273,274,286,295,300,313,316,324,325,326,329,331,331,336,340,348,350,354,356,359,363,369,374,380,390
富山県,0,0,0,0,0,0,0,0,0,0,0,0,0,0,0,0,0,0,0,0,0,0,0,0,0,0,0,0,0,0,0,0,0,0,0,0,0,0,0,0,0,0,0,0,1,3,5,8,8,10,10,11,12,14,16,23,23,30,49,54,54,65,69,79,92,114,115,115,150,163,175,177,181,190,190,202,201,209,212,212,216,219,220,216,216,216,221,221,222,224,224,225,225,227,227,227,227,227,227,227,227,227,227,227,227,227,227,227,227,227,227,227,227,227,227,227,227,227,227,227,227,227,227,227,227,227,227,227,227,227,227,227,227,227,227,227,227,227,228,228,228,228,228,228,229,230,230,230,230,230,230,230,230,230,231,231,231,233,234,235,235,235,235,236,236,236,238,238,243,244,248,254,261,266,268,275,285,286,293,293,298,301,307,307,308,319,327,333,336,338,341,342,349,357,368,370,379,385,387,394,396,400,401,402,402,402,407,409,407,408,408,408,408,408,408,408,409,410,410,410,410,410,410,410,412,412,412,417,418,419,421,422,422,422,422,422,422,422,422,422,422,422,422,422,423,423,423,422,422,422,422,422,422,422,422,422,422,423,423,423,423,423,423,423,424,424,424,424,424,425,425,425,425,425,425,428,429,435,435,441,441,445,446,446,447,450,453,457,458,459,459,460,461,461,461,462,462,462,462,462,462,464
石川県,0,0,0,0,0,0,0,1,1,1,2,3,3,4,4,4,4,4,4,4,4,4,4,5,5,5,5,5,5,5,5,5,5,5,6,6,6,6,6,6,6,6,9,9,11,13,15,16,24,32,43,45,51,66,72,92,104,113,121,131,140,146,160,173,178,180,190,199,216,222,224,229,236,245,250,251,254,260,264,267,268,271,275,275,277,278,280,283,284,284,285,286,287,287,290,290,292,294,295,295,295,296,296,297,298,298,298,298,298,298,298,299,299,299,299,299,299,299,299,299,299,299,299,299,299,299,299,299,300,300,300,300,300,300,300,300,300,300,300,300,300,300,300,300,300,300,300,300,300,300,300,300,300,301,303,303,303,306,306,307,310,310,313,313,314,316,320,321,322,323,323,324,324,330,331,342,364,376,390,399,412,425,438,456,475,486,500,524,532,550,556,573,585,592,605,613,620,624,626,653,666,677,681,697,704,708,712,718,722,724,730,730,731,736,736,742,744,750,754,756,760,761,763,771,773,776,776,776,776,777,777,777,777,778,778,778,778,780,780,780,780,782,786,787,788,793,795,795,795,795,796,798,798,799,799,800,803,803,806,810,812,812,812,813,815,816,819,822,823,824,825,827,827,828,830,830,830,830,831,831,833,835,835,836,838,843,846,846,850,853,859,861,862,864,867,872,874,879,884,888,899,907
福井県,0,0,0,0,0,0,0,0,0,0,0,0,0,0,0,0,0,0,0,0,0,0,0,0,0,0,0,0,0,0,0,0,1,1,1,1,1,1,1,3,5,8,12,13,15,16,22,31,40,44,51,57,57,67,72,76,86,88,92,92,100,103,104,106,112,113,118,119,119,120,120,121,121,122,122,122,122,122,122,122,122,122,122,122,122,122,122,122,122,122,122,122,122,122,122,122,122,122,122,122,122,122,122,122,122,122,122,122,122,122,122,122,122,122,122,122,122,122,122,122,122,122,122,122,122,122,122,122,122,122,122,122,122,122,122,122,122,122,122,122,122,122,122,122,122,122,122,122,123,124,124,125,125,126,126,126,126,126,126,127,127,127,129,129,129,135,137,139,139,140,142,145,149,152,153,153,154,154,154,154,154,154,154,155,155,155,155,156,156,161,163,164,171,177,190,206,211,211,228,232,236,238,241,241,243,243,244,244,244,244,244,244,244,244,244,244,244,244,244,244,244,244,244,244,244,244,244,244,244,244,244,244,244,244,246,247,248,249,249,249,249,249,249,249,254,254,256,256,256,256,256,256,256,256,256,256,256,256,256,257,257,257,257,257,257,257,258,259,262,266,268,269,271,272,272,274,278,289,295,298,300,302,303,304,305,309,312,314,314,316,319,319,320,321,321,321,322,326,329,331,331,331
山梨県,0,0,0,0,0,0,0,0,0,0,0,0,0,0,0,0,0,0,0,0,1,2,2,2,2,2,2,2,2,2,2,2,2,2,2,2,2,2,4,4,4,4,4,4,5,6,8,9,9,11,13,14,19,22,24,27,32,35,35,36,39,43,46,48,49,49,50,51,51,51,51,51,51,52,52,52,54,55,56,56,56,56,56,56,56,56,56,56,57,57,57,57,57,57,58,60,60,60,60,60,60,60,60,60,64,64,64,64,64,65,65,65,65,65,67,67,68,68,69,69,69,71,71,72,72,72,72,72,72,72,72,72,72,72,72,74,74,75,75,75,75,75,75,75,75,75,76,76,76,76,76,76,76,77,77,77,78,79,80,80,85,85,85,88,88,90,90,94,94,94,103,107,109,114,124,124,124,124,132,133,135,136,136,136,140,142,149,159,162,162,162,167,168,169,172,172,172,172,173,173,173,173,174,174,174,176,178,178,178,179,179,179,179,179,179,180,180,180,180,180,180,180,180,180,180,180,182,183,186,190,193,193,193,194,195,196,196,196,196,196,197,197,199,199,199,199,199,199,199,199,202,203,203,203,203,206,209,212,212,212,212,216,216,218,221,225,225,225,241,243,257,267,275,275,275,283,288,291,292,298,298,298,298,327,332,336,336,336,336,338,344,353,362,381,381,381,422,429,431,437,440,440
長野県,0,0,0,0,0,0,0,0,0,0,0,1,1,1,1,1,1,1,1,1,2,2,2,2,2,2,2,2,3,3,3,3,3,3,3,3,3,3,4,4,4,5,6,8,8,8,9,9,10,11,12,14,14,19,21,28,28,29,34,35,36,45,47,47,52,52,54,56,59,67,66,66,66,66,66,66,66,69,70,72,72,73,73,74,74,74,75,75,76,76,76,76,76,76,76,76,76,76,76,76,76,76,76,76,76,76,76,76,76,76,76,76,76,76,76,76,76,76,76,76,76,76,76,76,76,77,77,77,77,77,77,77,77,77,77,77,77,77,77,77,77,77,77,77,77,77,77,77,78,79,79,80,81,83,84,84,84,86,86,86,87,88,92,92,98,102,103,105,111,117,119,122,125,126,127,127,131,132,134,139,140,145,148,148,149,150,152,154,163,169,172,183,185,194,200,219,237,249,256,261,268,280,284,286,287,290,292,293,295,296,296,296,296,297,299,299,299,301,301,303,303,303,303,303,303,305,305,305,306,310,311,312,313,313,313,316,317,318,320,320,320,320,320,320,323,326,326,326,326,327,329,330,330,330,334,334,335,338,339,341,343,344,349,350,350,351,357,370,384,387,393,406,429,448,461,471,495,525,545,567,592,606,618,629,638,654,670,691,703,718,736,748,760,774,786,803,823,838,863,892,909,941
岐阜県,0,0,0,0,0,0,0,0,0,0,0,0,0,2,2,2,2,2,2,2,2,2,2,2,2,2,2,2,2,2,2,2,3,3,3,3,5,8,11,12,14,14,16,21,21,23,22,22,39,43,50,51,51,69,76,82,91,105,112,127,128,132,136,137,139,139,140,143,146,146,146,146,146,146,146,146,149,150,150,150,150,150,150,150,150,150,150,150,150,150,150,150,150,150,150,150,150,150,150,150,150,150,150,150,150,150,150,151,151,151,151,151,151,151,152,153,153,153,153,153,153,154,154,155,155,155,156,156,156,156,156,156,156,156,156,156,156,157,160,160,160,160,160,163,160,162,162,162,162,162,165,166,168,172,173,177,180,194,200,208,216,220,231,240,265,295,312,331,344,351,362,379,400,400,435,450,465,472,475,484,492,500,511,512,516,520,523,532,533,538,539,543,548,549,551,551,555,555,555,558,562,563,564,564,564,564,566,568,569,574,580,592,594,596,596,596,596,597,597,599,600,603,606,611,616,616,622,623,626,627,627,627,630,630,631,631,631,632,633,634,635,636,638,640,642,642,642,644,647,651,660,668,671,672,672,672,672,677,681,686,687,693,698,700,710,726,729,735,742,755,765,785,796,800,809,823,836,855,875,890,911,918,932,939,969,985,1014,1034,1055,1072,1093,1119,1161,1195,1227,1245,1260,1300,1336,1381,1406,1461
静岡県,0,0,0,0,0,0,0,0,0,0,0,0,0,0,0,1,1,1,1,1,1,1,1,1,2,2,2,3,3,3,3,3,3,3,3,3,3,3,3,3,3,3,4,4,4,6,6,6,8,10,10,10,10,15,16,34,39,41,46,46,47,48,51,50,52,52,53,57,58,59,62,63,64,67,68,72,73,73,73,73,73,73,73,73,73,73,73,73,73,73,73,73,73,73,73,73,74,74,74,75,75,75,75,76,76,76,76,76,76,76,76,75,75,75,75,75,76,77,77,77,77,77,78,79,79,80,80,80,80,80,80,80,80,80,80,81,81,81,81,86,86,86,86,86,88,91,92,92,94,94,96,97,99,102,104,104,109,109,119,119,119,119,119,200,200,234,234,269,269,269,309,321,328,342,345,345,345,345,376,382,388,398,398,398,418,425,431,431,433,433,433,446,453,453,469,478,478,478,480,482,484,485,487,487,487,494,494,499,503,504,504,504,504,506,509,512,517,517,517,517,517,522,522,526,526,526,532,534,538,548,551,551,551,558,558,564,565,565,565,565,567,567,568,572,575,575,575,580,580,583,585,588,588,588,596,605,620,636,636,636,636,661,661,680,690,707,707,707,756,772,787,806,822,822,822,894,909,978,1053,1111,1111,1111,1111,1294,1334,1395,1447,1447,1447,1620,1674,1722,1782,1827,1827,1827,1960,1988,2030,2059,2087,2087
愛知県,2,3,4,5,6,7,9,13,15,15,18,23,25,27,28,29,32,36,42,49,61,68,79,84,96,101,108,111,117,117,119,121,123,127,130,132,134,136,139,144,147,150,164,167,170,176,181,186,198,216,227,237,258,278,299,313,316,319,328,338,350,364,374,391,401,406,422,441,453,474,475,476,477,482,486,488,491,491,492,495,498,498,498,491,491,494,494,495,496,501,503,503,504,506,506,506,506,506,506,506,507,507,507,507,507,507,507,508,508,509,509,509,509,509,511,511,511,513,513,513,513,516,516,518,521,521,521,521,523,523,523,523,523,523,523,523,524,525,525,525,525,525,525,526,526,528,528,528,528,530,532,536,538,569,588,613,640,655,714,772,869,932,1010,1096,1172,1282,1449,1609,1796,1977,2143,2268,2388,2535,2675,2675,2675,2675,3239,3306,3392,3454,3454,3454,3744,3787,3843,3900,3978,4068,4137,4187,4230,4273,4323,4362,4412,4457,4493,4535,4559,4586,4604,4637,4671,4698,4719,4730,4751,4787,4835,4864,4897,4920,4941,4963,4999,5039,5070,5103,5122,5131,5145,5179,5217,5241,5290,5309,5337,5363,5384,5403,5419,5437,5449,5463,5478,5493,5504,5525,5539,5557,5581,5596,5615,5636,5664,5685,5700,5713,5749,5768,5811,5853,5869,5906,5941,5992,6079,6130,6227,6275,6319,6404,6457,6536,6618,6731,6812,6869,7052,7156,7299,7447,7599,7701,7764,7902,8043,8262,8464,8675,8819,8914,9023,9200,9398,9632,9849,10112,10112,10309,10528,10723,10938,11157,11327,11438,11636,11881,12123,12319
三重県,1,1,1,1,1,1,1,1,1,1,1,1,1,1,1,1,1,1,1,1,1,1,1,1,2,2,4,4,5,5,5,5,5,6,6,6,6,6,6,6,6,6,9,9,11,11,11,12,12,12,13,13,13,13,15,15,17,17,17,19,20,26,32,35,36,39,41,43,43,45,45,45,45,45,45,45,45,45,45,45,45,45,45,45,45,45,45,45,45,45,45,45,45,45,45,45,45,45,45,45,45,45,45,45,45,45,45,45,45,45,45,45,45,45,45,45,45,45,45,45,45,45,45,45,45,46,46,46,46,46,46,46,46,46,46,46,46,46,46,46,46,46,46,46,46,46,46,47,48,50,50,50,52,55,55,56,57,58,58,59,61,63,65,70,74,77,90,91,101,112,124,144,155,179,189,212,229,238,249,249,262,268,268,281,284,285,288,303,318,331,337,342,353,353,354,360,365,365,368,380,380,383,388,399,424,424,435,443,445,450,457,457,460,463,464,466,467,469,470,475,475,480,483,484,489,494,495,502,503,509,523,525,527,530,530,532,535,535,535,537,538,542,542,544,544,549,549,549,550,551,551,554,555,555,555,555,555,556,563,565,566,568,569,574,575,587,595,596,597,599,603,606,610,616,620,621,628,645,666,684,706,721,732,737,755,782,797,826,844,858,865,880,905,927,940,950,957,967,967,1011,1028,1042
滋賀県,0,0,0,0,0,0,0,0,0,0,0,0,0,0,0,0,0,0,0,1,1,1,1,1,1,1,1,1,1,2,3,4,4,4,4,4,4,5,5,5,6,6,6,6,6,7,8,8,14,17,18,18,18,24,26,34,38,38,40,51,52,57,68,70,71,72,76,88,92,93,94,94,94,94,96,96,96,96,96,98,98,98,98,97,97,97,97,97,97,97,98,99,99,99,99,99,99,99,100,100,100,100,100,100,100,100,100,100,100,100,100,100,100,100,100,100,100,100,100,100,100,100,100,100,101,101,101,101,101,101,101,101,101,101,101,101,101,103,103,103,103,103,103,103,104,104,104,104,106,106,106,107,108,109,109,110,111,117,128,145,151,152,153,155,157,163,168,171,179,184,202,207,236,242,273,283,291,298,302,311,317,324,331,337,346,354,361,366,373,384,391,401,415,423,428,436,441,444,450,452,454,458,459,462,462,464,465,466,467,468,471,471,471,472,474,475,476,477,478,479,479,481,483,486,490,495,495,501,502,503,503,503,505,506,507,508,510,511,514,514,515,518,519,520,520,522,524,527,530,531,533,535,537,538,539,543,546,546,547,552,553,557,560,563,584,593,599,601,620,625,636,646,646,655,663,672,683,696,708,720,730,735,740,747,756,760,773,777,780,783,793,796,804,808,814,816,826,832,842,847,852,857
京都府,2,2,2,2,2,2,2,2,2,2,2,2,2,2,2,2,2,3,5,6,8,9,9,12,13,15,17,17,17,17,17,19,21,21,22,23,24,25,27,31,34,35,40,47,56,69,76,88,106,116,125,133,145,155,165,174,181,193,205,210,215,225,235,242,251,259,264,275,282,286,290,294,309,313,317,320,324,329,331,334,338,341,347,348,352,352,352,352,356,357,358,358,358,358,358,358,358,358,358,358,358,358,358,358,358,358,358,358,358,358,358,358,358,359,359,359,360,360,360,360,360,360,360,363,363,363,364,365,365,365,365,365,366,370,374,375,379,381,383,386,391,400,401,404,413,415,420,430,439,447,456,468,477,490,502,527,539,566,586,605,624,640,644,657,677,708,749,758,787,809,826,855,876,903,923,942,963,983,991,1001,1026,1061,1091,1113,1119,1138,1164,1202,1243,1281,1306,1319,1326,1343,1374,1401,1422,1439,1448,1452,1474,1493,1512,1536,1561,1575,1583,1594,1600,1607,1609,1616,1624,1628,1641,1650,1659,1664,1672,1690,1695,1702,1705,1710,1715,1726,1731,1739,1747,1762,1767,1776,1783,1787,1791,1796,1800,1809,1824,1844,1851,1863,1892,1898,1907,1914,1922,1928,1931,1934,1945,1958,1966,1971,1974,1981,1989,2003,2014,2027,2046,2061,2068,2081,2090,2101,2125,2145,2166,2174,2187,2205,2222,2250,2274,2296,2307,2356,2395,2409,2435,2470,2494,2508,2521,2552,2585,2616,2646,2663,2671,2693,2714,2736,2771,2815,2858,2884,2947,3022,3076,3133
大阪府,1,1,1,1,1,1,1,1,1,1,1,1,2,3,4,4,4,8,15,15,26,33,44,44,59,64,73,76,86,90,92,95,100,102,106,108,113,116,123,129,136,154,192,209,217,245,279,312,347,388,409,429,482,525,589,697,767,812,836,895,969,1021,1076,1164,1212,1297,1351,1382,1417,1448,1477,1493,1523,1555,1599,1627,1641,1658,1669,1682,1689,1704,1713,1716,1732,1743,1744,1750,1750,1765,1765,1768,1768,1771,1771,1774,1780,1780,1781,1781,1781,1781,1782,1782,1782,1782,1783,1783,1783,1783,1783,1783,1784,1784,1784,1785,1785,1785,1786,1786,1786,1786,1787,1790,1794,1798,1806,1806,1806,1809,1811,1812,1814,1816,1821,1828,1833,1843,1851,1862,1879,1885,1893,1905,1915,1945,1967,1995,2027,2045,2065,2126,2192,2245,2331,2420,2469,2541,2662,2766,2915,3047,3188,3275,3430,3651,3841,4057,4252,4446,4527,4720,4916,5141,5396,5574,5769,5892,5994,6178,6355,6547,6698,6845,6916,7101,7288,7420,7586,7720,7841,7901,8020,8139,8233,8339,8429,8491,8544,8656,8752,8826,8900,8976,9043,9088,9169,9232,9324,9444,9527,9604,9636,9725,9803,9860,9920,10001,10060,10099,10166,10205,10271,10333,10399,10447,10483,10534,10593,10669,10719,10770,10809,10840,10899,10950,10999,11057,11109,11154,11180,11249,11310,11361,11414,11464,11514,11555,11620,11702,11780,11880,11976,12046,12089,12231,12348,12473,12610,12753,12876,12876,12876,13191,13316,13485,13676,13816,13894,14120,14376,14607,14870,15155,15421,15494,15763,16036,16374,16744,17159,17649,17930,18140,18458,18784,19167,19630,20011,20273,20591,21018,21404,21798,22197,22507,22735,22993,23420,23835,24192,24621
兵庫県,0,0,0,0,0,0,0,0,0,0,0,0,0,0,0,0,1,3,3,3,7,9,11,13,20,32,37,48,53,55,60,64,69,69,76,81,83,85,87,87,87,90,125,132,136,147,161,167,172,182,195,201,216,216,273,316,358,375,384,403,423,453,480,502,513,524,546,563,581,605,619,627,629,636,642,645,650,654,667,667,673,676,679,681,688,688,693,694,694,697,698,698,699,699,699,699,699,699,699,699,699,699,699,699,699,699,699,699,699,699,699,699,699,699,699,699,699,699,699,699,699,699,699,699,699,699,700,700,702,702,703,704,704,705,705,705,705,706,708,709,709,710,712,716,717,720,722,726,731,738,739,748,760,777,801,813,834,841,853,883,918,941,965,1014,1026,1059,1105,1158,1220,1252,1312,1339,1371,1423,1484,1533,1588,1636,1662,1692,1728,1776,1810,1863,1900,1924,1949,1998,2033,2072,2105,2129,2137,2159,2187,2209,2235,2255,2268,2276,2297,2308,2322,2335,2339,2354,2360,2378,2400,2421,2435,2455,2470,2478,2502,2521,2537,2549,2570,2575,2602,2615,2616,2624,2636,2658,2674,2684,2704,2717,2738,2767,2783,2797,2804,2822,2838,2865,2881,2893,2905,2913,2927,2946,2960,2978,2995,3008,3013,3027,3040,3056,3078,3126,3142,3147,3157,3186,3202,3222,3250,3265,3275,3327,3363,3406,3455,3486,3518,3538,3596,3666,3747,3816,3895,3974,4014,4120,4223,4355,4485,4638,4775,4852,4928,5028,5211,5314,5459,5570,5626,5749,5868,6040,6169,6320,6440,6547,6692,6849,6994,7091
奈良県,1,1,1,1,1,1,1,1,1,1,1,1,1,1,1,1,1,1,1,1,2,2,2,3,3,4,4,4,4,4,4,4,4,4,4,4,5,5,5,5,5,5,11,11,11,11,15,19,21,24,25,26,28,30,34,37,39,41,44,47,53,54,56,60,62,64,73,75,76,76,76,76,78,80,82,82,85,86,87,87,88,88,89,89,90,90,90,90,90,90,90,90,90,90,90,91,91,91,91,91,91,91,92,92,92,92,92,92,92,92,92,92,92,92,92,92,92,92,92,92,92,92,92,92,92,92,92,92,92,92,92,92,92,92,92,92,92,92,92,92,93,95,96,98,100,102,107,114,119,123,126,131,138,143,151,154,156,163,171,184,195,200,205,209,215,221,228,235,256,264,272,277,286,293,302,318,330,336,339,341,351,364,369,394,403,440,450,462,472,482,490,492,498,502,506,508,510,515,518,523,524,526,531,534,538,538,539,540,542,544,545,545,546,550,550,551,551,552,554,555,556,558,558,560,562,562,567,568,569,574,575,580,581,581,581,583,587,595,595,599,600,603,605,607,610,613,613,613,615,618,621,624,625,625,626,626,631,635,639,648,659,664,675,679,694,713,726,737,745,754,771,788,812,835,844,858,868,896,929,952,975,989,1010,1026,1038,1061,1087,1106,1122,1141,1157,1190,1229,1264,1291,1306,1330,1351,1386,1410,1433,1465
和歌山県,4,5,5,8,10,10,10,10,11,11,11,11,11,11,11,11,11,11,11,12,12,12,12,12,12,12,12,12,12,13,13,13,13,14,15,15,15,15,15,15,15,15,17,17,17,17,18,20,21,21,25,27,28,29,32,33,33,34,34,35,37,38,39,40,46,46,47,49,50,52,57,58,59,60,60,62,62,62,62,62,62,62,62,62,62,62,62,63,63,63,63,63,63,63,63,63,63,63,63,63,63,63,63,63,63,63,63,63,63,63,63,63,63,63,63,63,63,63,63,63,63,63,63,63,63,63,63,63,63,64,64,64,64,64,64,64,64,64,64,64,64,64,64,64,64,66,71,75,80,83,84,84,84,87,89,89,93,96,100,109,112,116,122,130,134,140,142,150,163,167,169,170,173,173,173,174,179,182,184,186,189,190,194,196,198,209,215,219,223,225,225,227,227,228,228,228,230,230,230,230,231,231,231,232,233,234,235,235,235,236,236,236,236,236,236,236,236,236,236,236,237,238,238,238,238,240,240,241,242,242,242,242,242,242,242,242,243,249,249,249,249,252,252,254,254,255,255,255,259,260,266,268,270,272,272,272,273,273,274,275,275,277,277,278,280,280,286,288,289,291,298,304,308,318,326,333,338,346,361,372,379,384,395,403,408,414,428,436,446,452,462,471,478,485,490,503,507,516,528,538,545,551
鳥取県,0,0,0,0,0,0,0,0,0,0,0,0,0,0,0,0,0,0,0,0,0,0,0,0,0,0,0,0,0,0,0,0,0,0,0,0,0,0,0,0,0,0,0,0,0,0,0,0,0,0,0,0,0,0,0,1,1,1,1,1,1,1,1,3,3,3,3,3,3,3,3,3,3,3,3,3,3,3,3,3,3,3,3,3,3,3,3,3,3,3,3,3,3,3,3,3,3,3,3,3,3,3,3,3,3,3,3,3,3,3,3,3,3,3,3,3,3,3,3,3,3,3,3,3,3,3,3,3,3,3,3,3,3,3,3,3,3,3,4,4,4,4,4,4,4,4,4,4,5,5,5,5,5,5,5,5,5,5,5,5,5,6,6,6,7,10,11,15,16,18,18,19,19,21,21,21,21,21,21,21,21,21,21,21,21,21,22,22,22,22,22,22,22,22,22,22,22,22,22,22,22,22,22,22,22,22,22,22,22,22,23,31,32,34,34,35,35,36,36,36,36,36,36,36,36,36,36,36,36,36,36,36,36,36,36,36,36,36,36,36,36,36,36,36,36,36,36,36,36,35,35,35,35,35,37,37,38,38,38,38,38,38,38,38,38,38,43,43,50,51,51,51,52,52,52,52,52,53,53,53,53,53,53,54,56,58,58,58,58,58,58,60,61,61,61,63,65,65,66,67,67,67
島根県,0,0,0,0,0,0,0,0,0,0,0,0,0,0,0,0,0,0,0,0,0,0,0,0,0,0,0,0,0,0,0,0,0,0,0,0,0,0,0,0,0,0,0,0,0,0,0,0,0,0,0,0,0,0,1,2,6,7,8,10,13,14,15,15,16,16,16,16,16,16,16,22,22,23,23,23,23,23,24,24,24,24,24,24,24,24,24,24,24,24,24,24,24,24,24,24,24,24,24,24,24,24,24,24,24,24,24,24,24,24,24,24,24,24,24,24,24,24,24,24,24,24,24,24,24,24,24,24,24,24,24,24,24,24,24,24,24,24,24,24,24,24,24,24,24,24,24,24,24,24,24,25,25,25,25,25,25,25,26,26,26,28,28,28,29,29,29,29,29,29,29,29,29,29,29,29,31,123,126,130,132,132,132,132,132,133,133,134,134,134,134,135,136,137,137,137,137,137,137,137,137,137,137,137,137,137,137,137,137,137,137,137,137,137,137,137,137,137,137,137,137,137,138,140,140,140,140,140,140,140,140,140,140,140,140,140,140,140,140,140,140,140,140,140,140,140,140,140,140,140,140,140,140,140,141,141,141,141,141,141,141,141,141,141,141,141,141,141,141,141,141,141,141,141,141,141,142,142,142,142,142,142,142,142,143,144,145,146,146,147,148,148,152,152,153,155,158,158,158,159,165,165
岡山県,0,0,0,0,0,0,0,0,0,0,0,0,0,0,0,0,0,0,0,0,0,0,0,0,0,0,0,0,0,0,0,0,0,0,0,0,1,1,1,1,1,2,3,3,4,4,4,7,9,10,11,11,12,15,16,16,16,16,16,16,16,18,18,18,19,19,19,19,19,20,21,22,22,22,23,23,23,23,23,23,23,23,23,23,24,24,24,25,25,25,25,25,25,25,25,25,25,25,25,25,25,25,25,25,25,25,25,25,25,25,25,25,25,25,25,25,25,25,25,25,25,25,25,25,25,25,25,25,25,25,26,26,26,26,26,26,26,26,28,28,28,28,28,28,28,28,28,28,28,28,28,30,32,34,36,41,43,44,44,45,49,59,61,64,66,71,76,79,86,88,91,94,101,103,107,110,111,113,115,117,119,123,125,126,126,128,129,131,133,135,138,141,142,142,143,145,145,145,145,145,145,146,146,146,146,146,146,146,146,146,146,146,147,147,147,147,148,148,148,148,148,148,149,150,152,153,154,154,157,157,157,158,158,161,161,161,162,163,163,163,163,164,168,168,170,172,173,173,174,185,188,194,194,203,206,215,230,261,273,286,291,291,303,309,315,323,332,338,340,341,348,354,367,379,396,399,406,430,445,458,485,498,508,515,530,544,568,583,592,599,609,619,629,634,645,657,666,678,689,702,702,702
広島県,0,0,0,0,0,0,0,0,0,0,0,0,0,0,0,0,0,0,0,0,0,1,1,1,1,1,1,1,1,1,1,1,1,1,2,2,3,3,3,3,4,4,4,6,6,6,6,6,8,13,16,16,19,23,25,25,31,56,57,66,67,118,124,129,132,137,138,139,142,142,143,145,145,149,153,155,156,161,162,162,162,162,162,165,165,165,165,165,165,165,165,165,165,166,166,166,166,167,167,167,167,167,167,167,167,167,167,167,167,167,167,168,168,168,168,168,168,168,168,168,168,168,168,168,168,168,168,168,168,168,168,168,168,168,168,168,168,169,169,169,169,169,169,171,171,171,173,176,178,179,182,184,192,198,205,207,209,213,220,227,244,250,257,261,269,286,304,312,329,347,357,376,376,387,393,397,406,410,415,423,425,430,433,435,437,437,437,438,438,448,450,451,452,452,453,454,456,457,458,458,459,459,459,459,459,459,460,464,464,464,464,466,468,472,474,474,474,475,475,476,479,487,492,496,506,516,533,548,563,577,587,597,603,604,605,612,615,620,625,627,642,641,642,644,646,649,649,650,651,651,651,651,654,655,656,656,657,658,659,659,662,662,662,663,665,667,670,671,678,678,680,681,684,688,694,701,707,710,724,726,736,741,750,762,770,771,785,785,785,838,856,872,897,943,1023,1023,1085,1128,1128,1249,1322,1436
山口県,0,0,0,0,0,0,0,0,0,0,0,0,0,0,0,0,0,0,1,1,1,1,1,1,1,1,1,1,1,1,1,1,1,1,1,1,2,2,2,3,4,4,6,6,6,6,6,6,7,7,8,12,13,17,17,17,19,23,24,25,28,29,30,30,30,30,31,31,31,31,31,31,32,32,32,32,34,34,35,36,37,37,37,37,37,37,37,37,37,37,37,37,37,37,37,37,37,37,37,37,37,37,37,37,37,37,37,37,37,37,37,37,37,37,37,37,37,37,37,37,37,37,37,37,37,37,37,37,37,37,37,37,37,37,37,37,37,37,37,37,37,37,37,37,37,37,37,37,37,37,37,37,38,41,42,42,42,42,43,47,47,47,49,50,51,53,53,53,58,58,58,59,60,64,64,70,76,78,78,78,81,82,82,83,83,84,89,100,100,107,111,114,120,135,141,151,158,164,168,170,175,178,178,181,184,184,184,189,193,194,194,194,194,194,194,195,195,195,195,195,195,195,195,195,196,198,198,201,202,201,201,201,201,201,204,206,207,208,209,209,209,209,209,209,209,209,209,209,209,210,211,213,213,213,213,213,213,213,213,213,213,213,215,215,223,223,225,225,225,231,233,234,248,258,266,267,279,285,303,326,343,352,356,356,363,367,372,381,384,386,391,398,402,406,409,410,414,418,422,427,429,433
徳島県,0,0,0,0,0,0,0,0,0,0,0,0,0,0,0,0,0,0,0,0,0,0,0,0,0,0,0,0,0,0,0,0,0,0,0,0,0,0,0,0,0,0,1,1,1,3,3,3,3,3,3,3,3,3,3,3,3,3,3,3,3,3,3,3,3,3,5,5,5,5,5,5,5,5,5,5,5,5,5,5,5,5,5,5,5,5,5,5,5,5,5,5,5,5,5,5,5,5,5,5,5,5,5,5,5,5,5,5,5,5,5,5,5,5,5,5,5,5,5,5,5,5,5,5,5,5,5,5,5,5,5,5,6,6,6,6,6,6,6,6,6,6,6,9,9,9,10,10,10,10,10,10,10,10,10,10,10,10,10,10,10,12,12,16,16,18,23,25,26,28,28,30,43,53,55,57,58,60,61,62,70,81,86,90,91,95,96,97,104,104,106,109,111,119,124,127,128,128,130,133,137,141,145,145,145,145,146,146,146,146,147,147,147,147,147,147,147,147,147,147,147,147,147,147,147,147,147,147,148,148,148,148,149,149,149,149,149,149,149,149,149,149,149,149,149,158,158,159,162,163,164,164,164,164,164,164,164,164,164,164,164,164,164,164,164,167,167,167,168,170,170,170,170,171,171,171,173,174,175,176,178,179,179,179,179,180,181,181,181,181,181,181,182,184,185,185,185,186,187,187,187,187
香川県,0,0,0,0,0,0,0,0,0,0,0,0,0,0,0,0,0,0,0,0,0,0,0,0,0,0,0,0,0,0,0,1,1,1,1,1,1,1,1,1,1,1,1,1,1,2,2,2,2,2,2,2,2,3,3,4,4,8,16,20,20,21,24,24,25,26,26,26,28,28,28,28,28,28,28,28,28,28,28,28,28,28,28,28,28,28,28,28,28,28,28,28,28,28,28,28,28,28,28,28,28,28,28,28,28,28,28,28,28,28,28,28,28,28,28,28,28,28,28,28,28,28,28,28,28,28,28,28,28,28,28,28,28,28,28,28,28,28,28,28,28,28,28,28,28,28,28,29,29,29,30,31,42,42,42,44,44,44,44,45,45,45,45,45,45,46,46,46,46,46,46,46,46,53,57,58,59,60,60,60,60,61,62,63,65,65,67,68,71,71,71,71,74,74,74,74,77,77,77,77,78,82,82,84,84,84,85,86,86,87,87,89,89,92,92,92,93,93,93,93,93,93,93,93,93,93,93,93,93,93,93,93,93,93,93,93,93,93,93,94,94,96,96,96,97,98,99,99,99,99,100,101,101,101,101,101,101,101,101,101,101,101,102,102,103,104,104,105,107,107,108,110,113,114,114,115,121,122,125,127,129,131,131,132,132,134,135,138,142,143,147,148,154,155,159,163,164,174,191,195,198,199
愛媛県,0,0,0,0,0,0,0,0,0,0,0,0,0,0,0,0,0,0,1,1,1,1,1,1,1,1,1,1,1,1,1,1,2,2,2,2,2,2,2,2,2,3,4,4,4,9,9,11,11,12,12,14,23,25,26,28,30,30,37,39,40,41,41,44,45,46,47,47,47,47,47,47,47,47,47,47,47,47,48,48,48,48,48,48,48,48,48,48,51,68,70,70,71,73,74,74,75,78,79,80,81,81,81,82,82,82,82,82,82,82,82,82,82,82,82,82,82,82,82,82,82,82,82,82,82,82,82,82,82,82,82,82,82,82,82,82,82,82,82,82,82,82,82,82,82,82,82,82,82,82,82,82,82,82,82,82,83,83,83,83,84,84,85,87,89,89,89,89,92,95,99,100,100,100,100,101,102,107,107,107,108,109,110,110,110,110,111,111,112,113,114,114,114,114,114,114,114,114,114,114,114,114,114,114,114,114,114,114,114,114,114,114,114,114,114,114,114,114,114,114,114,114,114,114,114,114,114,114,114,114,114,114,115,115,115,115,115,115,115,115,115,115,115,115,116,116,116,116,116,116,116,116,116,116,116,116,116,116,116,116,116,116,116,116,116,117,117,117,117,117,117,121,123,123,129,130,138,144,153,164,186,208,234,251,265,282,296,304,311,314,320,327,331,339,341,345,349,352,353,354,356,358
高知県,0,0,0,0,0,0,0,0,0,0,0,0,0,0,1,1,2,3,7,7,9,9,11,11,11,11,11,11,11,11,11,11,11,11,11,11,11,11,11,11,11,12,13,14,15,17,20,21,21,24,31,34,36,37,47,52,54,60,60,60,62,62,63,64,68,69,69,70,71,71,72,73,73,73,74,74,74,74,74,74,74,74,74,74,74,74,74,74,74,74,74,74,74,74,74,74,74,74,74,74,74,74,74,74,74,74,74,74,74,74,74,74,74,74,74,74,74,74,74,74,74,74,74,74,74,74,74,74,74,74,74,74,74,74,74,74,74,74,74,74,74,74,74,74,74,74,74,74,74,75,75,75,76,76,76,76,76,76,77,77,78,78,79,79,80,80,80,80,80,81,82,82,82,82,83,83,83,83,83,83,83,83,97,102,103,103,105,105,106,107,109,109,109,118,118,119,124,125,125,128,129,130,130,131,132,132,134,134,134,137,137,137,137,137,137,137,137,137,137,137,137,137,137,137,137,138,138,138,138,138,138,138,138,138,138,138,138,138,138,139,139,139,139,140,140,140,140,140,140,140,140,140,140,142,142,143,144,144,144,144,144,144,144,144,144,144,144,144,144,144,144,144,144,144,144,144,144,144,144,144,146,146,148,148,149,149,149,149,150,152,157,165,180,196,215,233,246,263,281,301,312,339
福岡県,0,0,0,0,0,0,2,2,2,2,2,2,2,2,2,2,3,3,3,3,3,3,3,3,3,3,3,3,3,3,3,4,4,5,5,5,5,6,9,9,11,12,21,22,23,43,52,62,66,67,109,113,136,161,187,224,332,362,373,403,433,459,476,500,516,524,539,560,572,584,595,606,615,619,639,642,645,648,648,649,650,651,652,651,653,654,654,655,656,657,657,657,657,658,658,658,658,658,658,662,666,672,674,682,703,729,746,758,774,780,786,792,797,799,802,805,808,810,812,821,822,825,826,827,830,833,838,838,838,838,841,842,844,844,845,845,846,850,854,858,862,868,877,878,885,898,902,908,917,922,924,928,937,953,972,996,1028,1060,1113,1174,1240,1292,1342,1432,1481,1535,1635,1756,1902,2047,2192,2269,2269,2479,2614,2754,2903,3012,3084,3138,3215,3359,3484,3559,3633,3683,3728,3830,3900,3987,4055,4118,4169,4222,4282,4346,4412,4488,4568,4598,4636,4685,4755,4782,4782,4817,4834,4845,4869,4893,4932,4932,4948,4948,4959,4970,4987,4996,5003,5004,5004,5006,5007,5017,5017,5023,5027,5028,5032,5040,5043,5054,5054,5057,5057,5061,5069,5077,5101,5101,5105,5105,5112,5125,5138,5139,5139,5142,5146,5153,5160,5174,5179,5179,5189,5189,5194,5207,5217,5226,5226,5236,5238,5246,5251,5268,5276,5280,5284,5307,5328,5344,5360,5367,5379,5387,5398,5420,5442,5477,5513,5543,5552,5552,5591,5591,5644,5758,5801,5827,5860,5901,5932,5977,5977,6060,6060,6125,6264,6343,6343,6551
佐賀県,0,0,0,0,0,0,0,0,0,0,0,0,0,0,0,0,0,0,0,0,0,0,0,0,0,0,0,1,1,1,1,1,1,1,1,1,1,1,1,1,1,1,1,1,1,2,4,4,5,6,8,8,9,11,11,12,12,13,13,15,17,15,16,16,17,17,17,18,21,32,36,36,36,37,38,41,42,42,44,45,45,45,45,45,45,45,45,45,46,46,46,47,47,47,47,47,47,47,47,47,47,47,47,47,47,47,47,47,47,47,47,47,47,47,47,47,47,47,47,47,47,47,47,47,47,47,47,47,47,47,47,47,47,47,47,47,47,47,47,47,47,47,47,47,47,47,47,47,47,47,47,47,47,47,47,47,48,49,55,57,63,66,67,67,69,72,75,82,90,95,102,111,121,133,141,145,154,157,162,174,175,180,190,195,198,199,203,207,214,218,222,224,225,227,229,235,237,237,237,237,239,239,239,240,240,241,242,242,243,244,244,244,244,244,244,244,244,245,244,244,244,244,244,244,245,245,245,245,245,245,245,246,246,246,246,248,248,248,248,248,248,249,249,249,250,252,252,252,252,253,253,253,254,254,254,254,254,254,254,254,254,256,264,266,266,267,268,268,274,274,275,276,276,278,278,279,280,284,290,290,293,293,293,297,299,300,300,307,307,309,319,325,329,333,336,337,341,347,354,367,371,378
長崎県,0,0,0,0,0,0,0,0,0,0,0,0,0,0,0,0,0,0,0,0,0,0,0,0,0,0,0,0,0,0,0,0,0,0,0,0,0,0,0,1,1,1,2,2,2,2,5,5,7,8,9,9,9,12,14,14,14,14,14,14,15,16,17,17,17,18,17,16,16,16,16,16,16,16,17,17,17,17,17,17,17,17,17,17,17,17,17,17,17,17,17,17,17,17,17,17,17,17,17,17,17,17,17,17,17,17,17,17,17,17,17,17,17,17,17,17,17,17,17,17,17,17,17,17,17,17,17,17,17,17,17,17,17,17,17,17,17,17,17,17,17,17,18,18,18,19,19,19,19,26,30,31,32,32,32,40,40,44,47,47,47,47,52,53,59,61,66,74,89,112,117,135,140,144,149,159,166,167,170,170,173,178,184,185,185,189,189,191,192,193,201,204,205,205,219,224,229,230,231,232,232,234,234,234,234,234,234,234,234,234,235,235,236,236,236,236,236,236,236,236,236,236,236,236,236,236,236,236,236,236,238,238,238,238,238,238,238,239,239,239,241,241,241,241,241,241,241,242,242,242,242,242,242,242,244,244,244,244,244,244,244,244,244,245,245,246,246,246,249,249,249,249,249,249,249,251,251,252,253,254,254,254,254,262,263,265,265,265,265,271,271,273,273,273,273,273,276,276,277,278,290,290
熊本県,0,0,0,0,0,0,0,1,3,3,5,5,5,5,5,5,5,5,5,5,5,5,5,5,5,5,5,5,5,5,5,5,5,6,6,6,6,6,6,6,7,9,10,10,11,14,15,15,15,16,20,20,21,23,23,23,23,28,28,29,31,31,35,35,39,40,41,41,43,43,43,45,45,45,47,47,47,47,47,47,47,47,47,48,48,48,48,48,48,48,48,48,48,48,48,48,48,48,48,48,48,48,48,48,48,48,48,48,48,48,48,48,48,48,48,48,48,48,48,48,48,48,48,48,48,48,48,48,48,49,49,49,49,49,49,49,49,49,49,49,49,49,49,49,49,49,49,49,49,49,49,49,49,50,50,50,50,51,52,57,57,58,72,100,114,157,157,191,217,217,243,280,322,322,332,341,354,357,361,371,380,380,392,407,412,417,427,442,442,466,471,471,478,482,491,498,509,511,520,524,528,534,537,540,543,547,551,554,557,564,568,569,569,570,570,570,571,571,571,571,571,571,572,572,572,572,572,573,574,578,579,588,607,626,639,642,642,652,673,690,690,714,720,726,735,740,744,746,750,754,759,767,768,768,769,774,779,786,786,786,786,808,814,824,824,843,847,854,854,860,866,877,887,903,903,915,930,939,940,951,951,967,970,974,977,984,999,1006,1012,1012,1021,1045,1055,1063,1079,1085,1094,1111,1133,1152,1184,1210
大分県,0,0,0,0,0,0,0,0,0,0,0,0,0,0,0,0,0,1,1,1,1,1,1,1,1,1,1,1,1,1,1,1,1,3,6,11,15,15,16,16,17,17,27,28,28,29,29,30,31,31,31,32,32,41,41,42,42,42,43,43,50,50,54,54,54,55,60,60,60,60,60,60,60,60,60,60,60,60,60,60,60,60,60,60,60,60,60,60,60,60,60,60,60,60,60,60,60,60,60,60,60,60,60,60,60,60,60,60,60,60,60,60,60,60,60,60,60,60,60,60,60,60,60,60,60,60,60,60,60,60,60,60,60,60,60,60,60,60,60,60,60,60,60,60,60,60,60,60,60,60,60,60,60,60,60,60,60,60,60,60,60,60,60,60,62,62,64,66,68,68,68,73,74,76,78,80,87,92,93,93,93,94,97,103,113,120,130,134,137,138,138,140,140,143,144,144,144,145,145,147,150,151,153,157,157,157,157,158,158,158,158,158,158,158,158,158,158,158,158,158,158,158,158,158,158,158,158,158,158,158,158,158,158,158,158,158,158,158,158,158,158,158,158,158,159,159,159,159,159,159,159,159,159,159,159,159,159,159,159,159,159,159,159,159,159,160,160,161,161,161,162,163,163,164,164,168,179,189,196,208,209,219,223,228,238,246,255,273,280,295,309,324,342,360,378,397,408,418,439,464,490,508
宮崎県,0,0,0,0,0,0,0,0,0,0,0,0,0,0,0,0,0,0,1,1,1,1,1,1,1,1,1,1,1,1,1,3,3,3,3,3,3,3,3,3,3,3,3,3,3,3,3,3,4,4,6,7,7,12,16,16,17,17,17,17,17,17,17,17,17,17,17,17,17,17,17,17,17,17,17,17,17,17,17,17,17,17,17,17,17,17,17,17,17,17,17,17,17,17,17,17,17,17,17,17,17,17,17,17,17,17,17,17,17,17,17,17,17,17,17,17,17,17,17,17,17,17,17,17,17,17,17,17,17,17,17,17,17,17,17,17,17,17,17,17,17,17,18,18,18,18,18,18,18,20,20,20,20,20,20,20,20,20,20,23,27,36,62,73,85,106,106,121,121,157,157,175,187,195,208,215,228,234,241,243,248,253,256,261,267,273,273,297,303,309,317,321,325,325,330,331,333,335,336,337,338,338,338,338,339,339,339,339,339,339,340,342,342,343,344,344,344,344,344,344,344,344,344,344,344,344,344,344,344,344,344,344,344,344,344,344,344,344,344,344,344,344,344,366,366,366,366,366,366,366,366,366,366,366,367,367,367,367,367,367,367,367,369,371,371,372,372,372,373,373,373,373,373,373,373,374,375,385,388,398,414,428,433,439,449,458,477,477,477,503,513,521,527,534,545,557,566,568,574,579,584,584
鹿児島県,0,0,0,0,0,0,0,0,0,0,0,0,0,0,0,0,0,0,0,0,0,0,0,0,0,0,0,0,0,0,0,0,0,0,0,0,0,0,0,0,1,1,1,1,1,1,2,3,3,3,3,3,3,3,3,3,4,4,4,4,4,4,6,7,8,10,10,10,10,10,10,10,10,10,10,10,10,10,10,10,10,10,10,11,11,11,11,11,11,10,10,10,10,10,10,10,10,10,10,10,10,10,10,10,10,10,10,10,10,10,10,10,10,10,10,10,10,10,11,11,11,11,11,11,11,11,11,11,11,11,11,11,11,11,11,11,11,12,21,21,51,85,107,110,122,122,124,132,145,150,155,158,162,162,164,165,170,172,172,174,203,203,211,216,219,232,232,236,252,256,256,262,262,266,273,275,277,277,277,277,277,281,281,296,328,335,337,340,340,340,342,346,348,349,351,356,359,361,362,362,363,368,370,370,371,371,371,371,372,372,372,372,372,373,373,376,376,376,376,377,377,377,389,400,400,400,411,415,415,422,422,422,428,435,440,440,447,447,447,447,456,456,456,456,462,462,463,463,463,463,463,463,463,463,463,463,463,468,468,468,468,475,475,488,505,505,505,523,537,537,542,542,542,542,554,558,558,558,576,592,592,592,592,592,602,607,607,612,612,612,612,629,629,637,637,637,673,701,741,741,741,796
沖縄県,1,1,1,1,2,3,3,3,3,3,3,3,3,3,3,3,3,3,3,3,3,3,3,3,3,3,3,3,3,3,3,3,3,3,3,3,3,3,4,4,4,6,6,8,9,9,9,9,9,9,9,15,27,32,42,49,49,66,72,76,86,86,101,101,110,121,125,130,132,133,133,133,137,141,141,142,142,142,142,142,142,142,142,142,142,142,142,142,142,142,142,142,142,142,142,142,142,142,142,142,142,142,142,142,142,142,142,142,142,142,142,142,142,142,142,142,142,142,142,142,142,142,142,142,142,142,142,142,142,142,142,142,142,142,142,142,142,142,142,142,142,142,142,142,144,145,145,148,148,148,148,148,149,149,149,151,153,155,157,162,172,186,186,192,210,231,324,395,453,517,554,637,714,784,884,968,1127,1179,1242,1307,1404,1510,1558,1618,1656,1689,1759,1804,1834,1864,1889,1911,1943,1977,2013,2056,2084,2117,2139,2139,2152,2172,2200,2220,2220,2229,2238,2244,2259,2269,2280,2290,2294,2297,2305,2310,2322,2338,2352,2358,2364,2376,2382,2389,2407,2427,2441,2460,2486,2516,2541,2569,2588,2607,2629,2656,2682,2710,2729,2740,2754,2769,2787,2826,2855,2855,2918,2954,2975,3012,3048,3094,3134,3165,3194,3217,3245,3277,3304,3336,3363,3373,3392,3408,3435,3456,3488,3518,3536,3561,3597,3620,3669,3696,3741,3768,3792,3833,3887,3925,3967,3999,4015,4031,4057,4131,4169,4247,4294,4326,4353,4398,4447,4494,4535,4574,4585,4613,4656,4702,4735,4785
クルーズ船,0,0,0,0,0,0,0,0,0,0,0,0,0,0,0,0,0,0,0,0,0,0,0,0,0,0,0,0,0,0,0,0,0,0,0,0,0,0,0,0,0,0,0,0,0,0,0,0,0,0,0,0,0,0,0,0,0,0,0,0,0,0,0,0,0,0,0,34,48,91,148,148,148,148,148,148,148,148,148,149,149,149,149,149,149,149,149,149,149,149,149,149,149,149,149,149,149,149,149,149,149,149,149,149,149,149,149,149,149,149,149,149,149,149,149,149,149,149,149,149,149,149,149,149,149,149,149,149,149,149,149,149,149,149,149,149,149,149,149,149,149,149,149,149,149,149,149,149,149,149,149,149,149,149,149,149,149,149,149,149,149,149,149,149,149,149,149,149,149,149,149,149,149,149,149,149,149,149,149,149,149,149,149,149,149,149,149,149,149,149,149,149,149,149,149,149,149,149,149,149,149,149,149,149,149,149,149,149,149,149,149,149,149,149,149,149,149,149,149,149,149,149,149,149,149,149,149,149,149,149,149,149,149,149,149,149,149,149,149,149,149,149,149,149,149,149,149,149,149,149,149,149,149,149,149,149,149,149,149,149,149,149,149,149,149,149,149,149,149,149,149,149,149,149,149,149,149,149,149,149,149,149,149,149,149,149,149,149,149,149,149,149,149,149,149,149,149,149,149,149,149,149